1.;030503;Правоведение;среднее профессиональное;51;Юрист;Основная;1 год 10 месяцев
2.;030504;Право и организация социального обеспечения;среднее профессиональное;51;Юрист;Основная;1 год 10 месяцев
3.;030504;Право и организация социального обеспечения;среднее профессиональное;51;Юрист;Основная;2 года 10 месяцев
4.;030912;Право и организация социального обеспечения;среднее профессиональное (базовая подготовка);;Юрист;Основная;1 год 10 месяцев
5,;030912;Право и организация социального обеспечения;среднее профессиональное (базовая подготовка);;Юрист;Основная;2 года 10 месяцев
6.;032002;Документационное обеспечение управления и архивоведение;среднее профессиональное;51;Специалист по докумен-тационному обеспечению управления, архивист;Основная;2 года 10 месяцев
7.;032002;Документационное обеспечение управления и архивоведение;среднее профессиональное;51;Специалист по докумен-тационному обеспечению управления, архивист;Основная;1 год 10 месяцев
8.;034702;Документационное обеспечение управления и архивоведение;среднее профессиональное (базовая подготовка);;Специалист по докумен-тационному обеспечению управления, архивист;Основная;2 года 10 месяцев
9.;034702;Документационное обеспечение управления и архивоведение;среднее профессиональное (базовая подготовка);;Специалист по докумен-тационному обеспечению управления, архивист;Основная;1 год 10 месяцев
10.;060101;Лечебное дело;среднее профессиональное (углубленная подготовка);;Фельдшер;Основная;3 года 10 месяцев
11.;060101;Лечебное дело;среднее профессиональное;52;Фельдшер;Основная;Згода 10 месяцев
12.;060104;Медико-профилактическое дело;среднее профессиональное;51;Санитарный фельдшер;Основная;2 года 10 месяцев
13.;060105;Медико-профилактическое дело;среднее профессиональное (базовая подготовка);;Санитарный фельдшер;Основная;2 года 10 месяцев
14,;060106;Стоматология ортопедическая;среднее профессиональное;51;Зубной техник;Основная;2 года 10 месяцев
15.;060109;Сестринское дело;среднее профессиональное;51;Медицинская сестра;Основная;2 года 10 месяцев
16.;060109;Сестринское дело;среднее профессиональное;51;Медицинская сестра;Основная;3 года 10 месяцев*'
17.;060203;Стоматология ортопедическая;среднее профессиональное (базовая подготовка);;Зубной техник;Основная;2 года 10 месяцев
18;060501;Сестринское дело;среднее профессиональное (базовая подготовка);;Медицинская сест-ра/Медицинск ий брат;Основная;2 года 10 месяцев
19.;060501;Сестринское дело;среднее профессиональное (базовая подготовка);;Медицинская сест-ра/Медицинск ий брат;Основная;3 года 10 месяцев
20.;080106;Финансы (по отраслям);среднее профессиональное;51;Финансист;Основная;1 год 10 месяцев
21.;080106;Финансы (по отраслям);среднее профессиональное;51;Финансист;Основная;2 года 10 месяцев
22.;080107;Налоги и налогообложение;среднее профессиональное;52;Специалист по налогообложению с углубленной подготовкой;Основная;2 года 10 месяцев
23.;080107;Налоги и налогообложение;среднее профессиональное;52;Специалист но налогообложению с углубленной подготовкой;Основная;3 года 10 месяцев
24.;080110;Экономика и бухгалтерский учет (по отраслям);среднее профессиональное;51;Бухгалтер;Основная;1 год 10 месяцев
25.;080110;Экономика и бухгалтерский учет (по отраслям);среднее профессиональное;51;Бухгалтер;Основная;2 года 10 месяцев
26.;080112;Маркетинг (по отраслям);среднее профессиональное;51;Маркетолог;Основная;1 год 10 месяцев
27.;080112;Маркетинг (по отраслям);среднее профессиональное;51;Маркетолог;Основная;2 гола 10 месяцев
28.;080113;Страховое дело (по отраслям);среднее профессиональное;51;Специалист страхового дела;Основная;2 года 10 месяцев
29.;080113;Страховое дело (по отраслям);среднее профессиональное;51;Специалист страхового дела;Основная;1 год 10 месяцев
30.;080114;Земельно-имущественные отношения;среднее профессиональное;51;Специалист ПО (земельно-имущественным отношениям;Основная;1 год 10 месяцев
31.;080114;Земельно-имущественные отношения;среднее профессиональное;51;Специалист по земельно-имущественным отношениям;Основная;2 года 10 месяцев
32.;080114;Экономика и бухгалтерский учет (по отраслям);среднее профессиональное (базовая подготовка);;Бухгалтер;Основная;1 год 10 месяцев
33.;080114;Экономика и бухгалтерский учет (по отраслям);среднее профессиональное (базовая подготовка);;Бухгалтер;Основная;2 года 10 месяцев
34.;080118;Страховое дело (по отраслям);среднее профессиональное (базовая подготовка);;Специалист страхового дела;Основная;1 год 10 месяцев
35.;080118;Страховое дело (по отраслям);среднее профессиональное (базовая подготовка);;Специалист страхового дела;Основная;2 года 10 месяцев
36.;080214;Операционная деятельность в логистике;среднее профессиональное;51;Операционный логист;Основная;1 год 10 месяцев
37.;080214;Операционная деятельность в логистике;среднее профессиональное;51;Операционный логист;Основная;2 года 10 месяцев
38.;080302;Коммерция (но отраслям);среднее профессиональное;51;Коммерсант;Основная;1 год 10 месяцев
39,;080302;Коммерция (по отраслям!;среднее профессиональное;51;Коммерсант;Основная;2 года 10 месяцев
40.;080501;Менеджмент (по отраслям);среднее профессиональное;51;Менеджер;Основная;1 год 10 месяцев
41.;090905;Организация и технология защиты информации;среднее профессиональное;51;Техник по защите информации;Основная;3 года 10 месяцев
42.;090905;Организация и технология защиты информации;среднее профессиональное;51;Техник по защите информации;Основная;2 года 10 месяцев
43.;100112;Сервис на транспорте (по видам транспорта);среднее профессиональное;51;Специалист по сервису на транспорте;Основная;2 года 10 месяцев
44.;100112;Сервис на транспорте (по видам транспорта);среднее профессиональное;51;Специалист по сервису на транспорте;Основная;1 год 10 месяцев
45.;100120;Сервис на транспорте (по видам транспорта);среднее профессиональное (базовая подготовка);;Специалист по сервису на транспорте;Основная;1 год 10 месяцев
46;100120;Сервис на транспорте (по видам транспорта);среднее профессиональное (базовая подготовка);;Специалист по сервису на транспорте;Основная;2 года 10 месяцев
47.;100701;Коммерция (по отраслям);среднее профессиональное (базовая подготовка);;Менеджер по продажам;Основная;2 года 10 месяцев
48,;100701;Коммерция (по отраслям);среднее профессиональное (базовая подготовка);;Менеджер по продажам;Основная;1 гол 10 месяцев
49.;120714;Земельно-имущественные отношения;среднее профессиональное (базовая подготовка);;Специалист по земельно-имушественным отношениям;Основная;1 год 10 месяцев
50.;120714;Земельно-имущественные отношения;среднее профессиональное (базовая подготовка);;Специалист по земельно-имущественным отношениям;Основная;2 года 10 месяцев**
51.;140212;Электроснабжение (по отраслям);среднее профессиональное;51;Техник;Основная;3 года 10 месяцев
52.;140212;Электроснабжение (по отраслям);среднее профессиональное;51;Техник;Основная;2 года 10 месяцев
53.;140212;Электроснабжение (по отраслям);среднее профессиональное;52;Старший техник;Основная;3 года 10 месяцев
54.;140212;Электроснабжение (по отраслям);среднее профессиональное;52;Старший техник;Основная;4 года 10 месяцев
55.;140409;Электроснабжение (по отраслям);среднее профессиональное (базовая подготовка);;Техник;Основная;3 года 10 месяцев
56.;140409;Электроснабжение (по отраслям);среднее профессиональное (базовая подготовка);;Техник;Основная;2 года 10 ме-сяпеь
57;140409;Электроснабжение (по отраслям);среднее профессиональное (углубленная подготовка);;Специалист по электроснабжению;Основная;3 года 10 месяцев
58.;140409;Электроснабжение (по отраслям);среднее профессиональное (углубленная подготовка);;Специалист по электроснабжению;Основная;4 года 10 месяцев
59.;190304;Техническая эксплуатация подвижного состава железных дорог;среднее профессиональное;51;Техник;Основная;2 года 10 месяцев
60.;190304;Техническая эксплуатация подвижного состава железных дорог;среднее профессиональное;51;Техник;Основная;3 года 10 месяцев
61.;190304;Техническая эксплуатация подвижного состава железных дорог;среднее профессиональное;52;Старший техник;Основная;10 месяцев
62.;190304;Техническая эксплуатация подвижного состава железных дорог;среднее профессиональное;52;Старший техник;Основная;4 года 10 месяцев
63.;190304;Техническая эксплуатация подвижного состава железных дорог;среднее профессиональное;52;Старший техник;Основная;3 года 10 месяцев
64.;190604;Техническое обслуживание и ремонт автомобильного транспорта;среднее профессиональное;51;Техник;Основная;2 года 10 месяцев
65.;190604;Техническое обслуживание и ремонт автомобильного транспорта;среднее профессиональное;51;Техник;Основная;3 года 10 месяцев
66.;190605;Техническая эксплуатация подъемно-транспортных, строительных, дорожных машин и оборудования(по отраслям);среднее профессиональное;51;Техник;Основная;2 года 10 месяцев
67.;190605;Техническая эксплуатация подъемно-транспортных, строительных, дорожных машин и оборудования (по отраслям);среднее профессиональное;51;Техник;Основная;3 года 10 месяцев
68.;190623;Техническая эксплуатация подвижного состава железных дорог;среднее профессиональное (базовая подготовка);;Техник;Основная;3 года 10 месяцев
69.;190623;Техническая эксплуатация подвижного состава железных дорог;среднее профессиональное (базовая подготовка);;Техник;Основная;2 года 10 месяцев
70.;190623;Техническая эксплуатация подвижного состава железных дорог;среднее профессиональное (углубленная подготовка);;Старший техник;Основная;4 года 10 месяцев
71.;190623;Техническая эксплуатация подвижного состава железных дорог;среднее профессиональное (углубленная подготовка);;Старший техник;Основная;3 года 10 месяцев
72.;190629;Техническая эксплуатация подъемно-транспортных, строительных, дорожных машин и оборудования (по отраслям);среднее профессиональное (базовая подготовка);;Техник;Основная;2 года 10 месяцев
73.;190629;Техническая эксплуатация подъемно-транспортных, строительных, дорожных машин и оборудования (по отраслям);среднее профессиональное (базовая подготовка);;Техник;Основная;3 года 10 месяцев
74.;19063!;Техническое обслуживание и ремонт автомобильного транспорта;среднее профессиональное (базовая подготовка);;Техник;Основная;3 года 10 месяцев
75.;19063!;Техническое обслуживание и ремонт автомобильного транспорта;среднее профессиональное (базовая подготовка);;Техник;Основная;2 года 10 месяцев
76.;190701;Организация перевозок и управление на транспорте (по видам);среднее профессиональное (базовая подготовка);;Техник;Основная;2 года 10 месяцев
77.;190701;Организация перевозок и управление на транспорте (по видам);среднее профессиональное (базовая подготовка);;Техник;Основная;3 года 10 месяцев
78.;190701;Организация перевозок и управление на транспорте (по видам);среднее профессиональное (углубленная подготовка);;Старший техник;Основная;3 года 10 месяцев
79;190701;Организация перевозок и управление на транспорте (по видам);среднее профессиональное (углубленная подготовка);;Старший техник;Основная;4 года 10 месяцев
80;190701;Организация перевозок и управление на транспорте (по видам);среднее профессиональное;51;Техник;Основная;2 года 10 месяцев
81;190701;Организация перевозок и управление на транспорте (по видам);среднее профессиональное;51;Техник;Основная;3 года 10 месяцев
82.;190701;Организация перевозок и управление на транспорте (по видам);среднее профессиональное;52;Старший техник;Основная;3 года 10 месяцев
83;190701;Организация перевозок и управление на транспорте (по видам);среднее профессиональное;52;Старший техник;Основная;4 года 10 месяцев
84.;210404;Многоканальные телекоммуникационные системы;среднее профессиональное;51;Техник;Основная;2 года 6 месяцев
85.;210406;Сети связи и системы коммутации;среднее профессиональное;51;Техник;Основная;2 года 6 месяцев
86.;210407;Эксплуатация средств связи;среднее профессиональное;51;Техник;Основная;2 года 6 месяцев
87.;210407;Эксплуатация средств связи;среднее профессиональное;51;Техник;Основная;2 года 10 месяцев
88;210407;Эксплуатация средств связи;среднее профессиональное;51;Техник;Основная;3 года 6 месяцев
89.;210407;Эксплуатация средств связи;среднее профессиональное;51;Техник;Основная;3 года 10 месяцев
90.;210420;Техническая эксплуатация транспортного радиоэлектронного оборудования (по видам транспорта);среднее профессиональное (базовая подготовка);;Техник;Основная;2 года 10 месяцев
91.;210420;Техническая эксплуатация транспортного радиоэлектронного оборудования (по видам транспорта);среднее профессиональное (базовая подготовка);;Техник;Основная;3 года 10 месяцев
92.;210709;Многоканальные телекоммуникационные системы;среднее профессиональное (базовая подготовка);;Техник;Основная;2 года 6 месяцев
93;210723;Сети связи и системы коммутации;среднее профессиональное (базовая подготовка);;Техник;Основная;2 года 6 месяцев
94;220204;Автоматика и телемеханика на транспорте (по видам транспорта);среднее профессиональное;51;Техник;Основная;2 года 10 месяцев
95.;220204;Автоматика и телемеханика на транспорте (ПО видам транспорта);среднее профессиональное;51;Техник;Основная;3 года 10 месяцев
96.;220204;Автоматика и телемеханика на транспорте (по видам транспорта);среднее профессиональное;52;Старший техник;Основная;3 года 10 месяцев
97.;220303;Средства механизации и автоматизации (по отраслям);среднее профессиональное;51;Техник;Основная;3 года 10 месяцев**
98.;220303;Средства механизации и автоматизации (по отраслям);среднее профессиональное;51;Техник;Основная;2 года 10 месяцев
99.;220415;Автоматика и телемеханика на транспорте (на железнодорожном транспорте);среднее профессиональное (базовая подготовка);;Техник;Основная;3 года 10 месяцев
100.;220415;Автоматика и телемеханика на транспорте (на железнодорожном транспорте);среднее профессиональное (базовая подготовка);;Техник;Основная;2 года 10 месяцев
101.;220415;Автоматика и телемеханика на транспорте (на железнодорожном транспорте);среднее профессиональное (углубленная подготовка);;Старший техник;Основная;3 года 10 месяцев
102.;220703;Автоматизация технологических процессов и производств (по отраслям);среднее профессиональное (базовая подготовка);;Техник;Основная;2 года 10 месяцев
03.;220703;Автоматизация технологических процессов и производств (по отраслям);"среднее профессиональное (базовая подготовка;";;Техник;Основная;3 года 10 месяцев
04.;230101;Вычислительные машины, комплексы, системы и сети;среднее профессиональное;51;Техник;Основная;2 года 10 месяцев
05.;230101;Вычислительные машины, комплексы, системы и сети;среднее профессиональное;51;Техник;Основная;3 года 10 месяцев
[06.;230103;Автоматизированные системы обработки информации и управления (по отраслям);среднее профессиональное;51;Техник;Основная;3 года 10 месяцев
107.;230103;Автоматизированные системы обработки информации и управления (по отраслям);среднее профессиональное;51;Техник;Основная;2 года 10 месяцев
108.;230105;Программное обеспечение вычислительной техники и автоматизированных систем;среднее профессиональное;51;Техник;Основная;3 года 10 месяцев
109.;230105;Программное обеспечение вычислительной техники и автоматизированных систем;среднее профессиональное;51;Техник;Основная;2 года 10 месяцев
110.;230106;Техническое обслуживание средств вычислительной техники и компьютерных сетей;среднее профессиональное;51;Техник;Основная;2 года 10 месяцев
111;230106;Техническое обслуживание средств вычислительной техники и компьютерных сетей;среднее профессиональное;51;Техник;Основная;3 года 10 месяцев
112.;230111;Компьютерные сети;среднее професиональное (базовая подготовка);;Техник по компьютерным сетям;Основная;2 года 10 месяцев
113.;230111;Компьютерные сети;"среднее профессиональное (базовая подготовка;";;Техник по компьютерным сетям;Основная;3 года 10 месяцев
114.;230113;Компьютерные системы и комплексы;среднее профессиональное (базовая подготовка);;Техник по компьютерным системам;Основная;2 года 10 месяцев
115.;230113;Компьютерные системы и комплексы;среднее профессиональное (базовая подготовка);;Техник по компьютерным системам;Основная;3 года 10 месяцев
116.;230115;Программирование в компьютерных системах;среднее профессиональное (базовая подготовка);;Техник-программист;Основная;3 года 10 месяцев
117.;230115;Программирование в компьютерных системах;среднее профессиональное (базовая подготовка);;Техник-программист;Основная;2 года 10 месяцев
118.;230401;Информационные системы (по отраслям);среднее профессиональное (базовая подготовка);;Техник по информационным системам;Основная;3 года 10 месяцев
119.;230401;Информационные системы (по отраслям);среднее профессиональное (базовая подготовка);;1ехник по информационным системам;Основная;2 года 10 месяцев
120.;261701;Полиграфическое производство;среднее профессиональное;51;Техник-технолог;Основная;2 года 10 месяцев
121.;261701;Полиграфическое производство;среднее профессиональное;51;Техник-технолог;Основная;3 года 10 месяцев
122.;270103;Строительство и эксплуатация зданий и сооружений;среднее профессиональное;51;Техник;Основная;3 года 10 месяцев
123.;270103;Строительство и эксплуатация зданий и сооружений;среднее профессиональное;51;Техник;Основная;2 года 10 месяцев
124.;270204;Строительство железных дорог, путь и путевое хозяйство;среднее профессиональное;51;Техник;Основная;3 года 10 месяцев
125.;270204;Строительство железных дорог, путь и путевое хозяйство;среднее профессиональное;51;Техник;Основная;2 года 10 месяцев
126.;270204;Строительство железных дорог, путь и путевое хозяйство;среднее профессиональное;52;Старший техник;Основная;10 месяцев
127.;270204;Строительство железных дорог, путь и путевое хозяйство;среднее профессиональное;52;Старший техник;Основная;3 года 10 месяцев
128.;270204;Строительство железных дорог, путь и путевое хозяйство;среднее профессиональное;52;Старший техник;Основная;4 года 10 месяцев
129.;270802;Строительство и эксплуатация зданий и сооружений;среднее профессиональное (базовая подготовка);;Техник;Основная;2 года 10 месяцев
130.;270802;Строительство и эксплуатация зданий и сооружений;среднее профессиональное (базовая подготовка);;Техник;Основная;3 года 10 месяцев
131.;270835;Строительство железных дорог, путь и путевое хозяйство;среднее профессиональное (базовая подготовка);;Техник;Основная;2 года 10 месяцев
132.;270835;Строительство железных дорог, путь и путевое хозяйство;среднее профессиональное (базовая подготовка);;Техник;Основная;3 года 10 месяцев
133.;270835;Строительство железных дорог, путь и путевое хозяйство;среднее профессиональное (углубленная подготовка);;Старший техник;Основная;3 года 10 месяцев
134,;270835;Строительство железных дорог, путь и путевое хозяйство;среднее профессиональное (углубленная подготовка);;Старший техник;Основная;4 года 10 месяцев
135.;280703;Пожарная безопасность;среднее профессиональное;51;Техник;Основная;2 года 10 месяцев
136.;280703;Пожарная безопасность;среднее профессиональное;51;Техник;Основная;3 года 10 месяцев
137.;280707;Защита в чрезвычайных ситуациях;среднее профессиональное;51;Техник-спасатель;Основная;2 года 10 месяцев
138.;280707;Защита в чрезвычайных ситуациях;среднее профессиональное;51;Техник-спасатель;Основная;3 года 10 месяцев
139.;010400;Прикладная математика и информатика;высшее профессиональное;62;Бакалавр;Основная;4 года
140.;010400;Прикладная математика и информатика;высшее профессиональное;68;Магистр;Основная;2 года
141.;010500;Математическое обеспечение и администрирование информационных систем;высшее профессиональное;62;Бакалавр;Основная;4 года
142.;010500;Прикладная математика и информатика;высшее профессиональное;62;Бакалавр прикладной математики и информатики;Основная;4 года
143;010500;Прикладная математика и информатика;высшее профессиональное;68;Магистр прикладной математики и информатики;Основная;6 лет
144.;010501;Прикладная математика и информатика;высшее профессиональное;65;Математик, системный программист;Основная;5 лет
145.;010503;Математическое обеспечение и администрирование информационных систем;высшее профессиональное;65;Математик-программист;Основная;5 лет
146.;30300;Психология;высшее профессиональное;62;Бакалавр психологии;Основная;4 года
147.;30300;Психология;высшее профессиональное;62;Бакалавр;Основная;4 года
148.;30300;Психология;высшее профессиональное;68;Магистр;Основная;2 года
149.;030301;Психология;высшее профессиональное;65;Психолог, преподаватель психологии;Основная;5 лет
150;030500;Юриспруденция;высшее профессиональное;62;Бакалавр юриспруденции;Основная;4 года
151.;030500;Юриспруденция;высшее профессиональное;68;Магистр юриспруденции;Основная;6 лет
152.;030501;Юриспруденция;высшее профессиональное;65;Юрист;Основная;5 лет
153.;030502;Судебная экспертиза;высшее профессиональное;65;Судебный эксперт;Основная;5 лет
154.;030600;Журналистика;высшее профессиональное;62;Бакалавр журналистики;Основная;4 года
155.;030602;Связи с общественностью;высшее профессиональное;65;Специалист по связям с общественностью;Основная;5 лет
156.;030900;Юриспруденция;высшее профессиональное;62;Бакалавр;Основная;4 года
157.;030900;Юриспруденция;высшее профессиональное;68;Магистр;Основная;2 года
158;030901;Правовое обеспечение национальной безопасности;высшее профессиональное;65;Специалист;Основная;5 лет
159.;031001;Правоохранительная деятельность;высшее профессиональное;65;Специалист;Основная;5 лет
160.;031003;Судебная экспертиза;высшее профессиональное;65;Специалист;Основная;5 лет
161;031202;Перевод и переводоведение;высшее профессиональное;65;Лингвист, переводчик;Основная;5 лет
162.;031300;Журналистика;высшее профессиональное;62;Бакалавр;Основная;4 года
163.;031600;Реклама и связи с общественностью;высшее профессиональное;62;Бакалавр;Основная;4 года
164.;031600;Реклама и связи с общественностью;высшее профессиональное;68;Магистр;Основная;2 года
165.;31900;Международные отношения;высшее профессиональное;62;Бакалавр;Основная;4 года
166.;031900;Международные отношения;высшее профессиональное;68;Магистр;Основная;2 года
167.;032001;Документоведение и документационное обеспечение управления;высшее профессиональное;65;Документовед;Основная;5 лет
168.;032401;Реклама;высшее профессиональное-;65;Специалист по рекламе;Основная;5 лет
169.;034700;Документоведение и архивоведение;высшее профессиональное;62;Бакалавр;Основная;4 года
170.;035700;Лингвистика;высшее профессиональное;62;Бакалавр;Основная;4 года
171.;035701;Перевод и переводове-дение;высшее профессиональное;65;Специалист;Основная;5 лет
172.;036401;Таможенное дело;высшее профессиональное;65;Специалист;Основная;5 лет
173.;040100;Социология;высшее профессиональное;62;Бакалавр;Основная;4 года
174.;040100;Социология;высшее профессиональное;68;Магистр;Основная;2 года
175.;040104;Организация работы с молодежью;высшее профессиональное;65;Специалист по работе с молодежью;Основная;5 лет
176.;040200;Социология;высшее профессиональное;62;Бакалавр социологии;Основная;4 года
177.;040201;Социология;высшее профессиональное;65;Социолог, преподаватель социологии;Основная;5 лет
178.;040700;Организация работы с молодёжью;высшее профессиональное;63;Бакалавр;Основная;4 года
179;040700;Организация работы с молодежью;высшее профессиональное;68;Магистр;Основная;2 года
180.;080100;Экономика;высшее профессиональное;62;Бакалавр;Основная;4 года
181.;080100;Экономика;высшее профессиональное;62;Бакалавр экономики;Основная;4 года
182.;80100;Экономика;высшее профессиональное;68;Магистр;Основная;2 года
183.;80100;Экономика;высшее профессиональное;68;Магистр экономики;Основная;6 лет
184.;080101;Экономическая безопасность;высшее профессиональное;65;Специалист;Основная;5 лет
185.;080102;Мировая экономика;высшее профессиональное;65;Экономист;Основная;5 лет
186.;080103;Национальная экономика;высшее профессиональное;65;Экономист;Основная;5 лет
187.;080104;Экономика труда;высшее профессиональное;65;Экономист;Основная;5 лет
188.;080105;Финансы и кредит;высшее профессиональное;65;Экономист;Основная;5 лет
189.;080107;Налоги и налогообложение;высшее профессиональное;65;Экономист, специалист по налогообложению;Основная;5 лет
190.;080109;Бухгалтерский учет, анализ и аудит;высшее профессиональное;65;Экономист;Основная;5 лет
191.;080111;Маркетинг;высшее профессиональное;65;Маркетолог;Основная;5 лет
192;080115;Таможенное дело;высшее профессиональное;65;Специалист таможенного дела;Основная;5 лет
193.;080200;Менеджмент;высшее профессиональное;62;Бакалавр;Основная;4 года
194.;080200;Менеджмент;высшее профессиональное;68;Магистр;Основная;2 года
195.;080300;Коммерция;высшее профессиональное;62;Бакалавр коммерции;Основная;4 года
196.;080300;Коммерция;высшее профессиональное;68;Магистр коммерции;Основная;6 лет
197.;080301;Коммерция (торговое дело);высшее профессией альнос;65;Специалист коммерции;Основная;5 лет
198.;080400;Управление персоналом;высшее профессиональное;62;Бакалавр;Основная;4 года
199.;080400;Управление персоналом;высшее профессиональное;68;Магистр;Основная;2 года
200.;080500;Бизнес-информатика;высшее профессиональное;62;Бакалавр;Основная;4 года
201;080500;Бизнес-информатика;высшее профессиональное;68;Магистр;Основная;2 года
202.;080500;Менеджмент;высшее профессиональное;62;Бакалавр менеджмента;Основная;4 года
203.;080500;Менеджмент;высшее профессиональное;68;Магистр менеджмента;Основная;6 лет
204.;080502;Экономика и управление на предприятии (по отраслям);высшее профессиональное;65;Экономист-менеджер;Основная;5 лет
205.;080504;Государственное и муниципальное управление;высшее профессиональное;65;Менеджер;Основная;5 лет
206.;080505;Управление персоналом;высшее профессиональное;65;Менеджер;Основная;5 лет
207.;080506;Логистика и управление цепями поставок;высшее профессиональное;65;Логист;Основная;5 лет
208.;080507;Менеджмент организации;высшее профессиональное;65;Менеджер;Основная;5 лет
209.;080508;Информационный менеджмент;высшее профессиональное;65;Менеджер;Основная;5 лет
210.;080700;Бизнес-информатика;высшее профессиональное;62;Бакалавр бизнес-информатики;Основная;4 года
211.;080800;Прикладная информатика;высшее профессиональное;62;Бакалавр прикладной информатики;Основная;4 года
212.;080801;Прикладная информатика (в экономике);высшее профессиональное;65;Информатик-экономист;Основная;5 лет
213.;081100;Государственное и муниципальное управление;высшее профессиональное;62;Бакалавр;Основная;4 года
214.;081100;Государственное и муниципальное управление;высшее профессиональное;68;Магистр;Основная;2 года
215.;090102;Компьютерная безопасность;высшее профессиональное;65;Математик;Основная;5 лет
216.;090103;Организация и технология зашиты информации;высшее профессиональное;65;Специажст по защите информации;Основная;5 лет
217.;090301;Компьютерная безопасность;высшее профессиональное;65;Специалист;Основная;5,5 лет
218.;090900;Информационная безопасность;высшее профессиональное;62;Бакалавр;Основная;4 года
219.;100100;Сервис;высшее профессиональное;62;Бакалавр;Основная;4 года
220.;100100;Сервис;высшее профессиональное;62;Бакалавр сервиса;Основная;4 года
221.;100103;Социально-культурный сервис и туризм;высшее профессиональное;65;Специалист по сервису и туризму;Основная;5 лет
222.;100200;Туризм;высшее профессиональное;62;Бакалавр туризма;Основная;4 года
213;100400;Туризм;высшее профессиональное;62;Бакалавр;Основная;4 года
224.;100400;Туризм;высшее профессиональное;68;Магистр;Основная;2 года
225;100700;Торговое дело;высшее профессиональное;62;Бакалавр;Основная;4 года
226.;100700;Торговое дело;высшее профессиональное;68;Магистр;Основная;2 года
227.;10!100;Гостиничное дело;высшее профессиональное;62;Бакалавр;Основная;4 года
228.;120700;Землеустройство и кадастры;высшее профессиональное;62;Бакалавр;Основная;4 года
229.;140100;Теплоэнергетика;высшее профессиональное;62;Бакалавр техники и технологии;Основная;4 года
230.;140100;Теплоэнергетика;высшее профессиональное;68;Магистр техники и технологии;Основная;6 лет
231.;140100;Теплоэнергетика и теплотехника;высшее профессиональное;62;Бакалавр;Основная;4 года
232.;140100;Теплоэнергетика и теплотехника;высшее профессиональное;68;Магистр;Основная;2 года
233.;140104;Промышленная теплоэнергетика;высшее профессиональное;65;Инженер;Основная;5 лет
234.;140200;Электроэнергетика;высшее профессиональное;62;Бакалавр техники и технологии;Основная;4 года
235.;140200;Электроэнергетика;высшее профессиональное;68;Магистр техники и технологии;Основная;6 лет
236.;140400;Электроэнергетика и электротехника;высшее профессиональное;62;Бакалавр;Основная;4 года
237.;140400;Электроэнергетика и электротехника;высшее профессиональное;68;Магистр;Основная;2 года
238.;140600;Электротехника, электромеханика и электротехнологии;высшее профессиональное;62;Бакалавр техники и технологии;Основная;4 года
239.;140600;Электротехника, электромеханика и электротехнологии;высшее профессиональное;68;Магистр техники и технологии;Основная;6 лет
240.;150100;Металлургия;высшее профессиональное;62;Бакалавр техники и технологии;Основная;4 года
241.;150205;Оборудование и технология повышения износостойкости и восстановление деталей машин и аппаратов;высшее профессиональное;65;Инженер;Основная;5 лет
242.;150400;Металлургия;высшее профессиональное;62;Бакалавр;Основная;4 года
243.;150400;Технологические машины и оборудование;высшее профессиональное;62;Бакалавр техники и технологии;Основная;4 года
244.;150400;Технологические машины и оборудование;высшее профессиональное;68;Магистр техники и технологии;Основная;6 лет
245.;150700;Машиностроение;высшее профессиональное;62;Бакалавр;Основная;
246.;150700;Машиностроение;высшее профессиональное;68;Магистр;Основная;2 года
247.;150900;Технология, оборудование и автоматизация машиностроительных производств;высшее профессиональное;62;Бакатавр техники и технологии;Основная;
248.;150900;Технология, оборудование и автоматизация машиностроительных производств;высшее профессиональное;68;Магистр техники и технологии;Основная;6 лет
249.;151000;Конструкторско-технологическое обеспечение автоматизированных машиностроительных производств;высшее профессиональное;62;Бакалавр техники и технологии;Основная;4 года
250.;151000;Технологические машины и оборудование;высшее профессиональное;62;Бакалавр;Основная;4 года
251;151000;Технологические машины и оборудование;высшее профессиональное;68;Магистр;Основная;2 года
252;151001;Технология машиностроения;высшее профессиональное;65;Инженер;Основная;5 лет
255.;151900;Коне тру кторско-технологическое обеспечение машиностроительных производств;высшее профессиональное;62;Бакалавр;Основная;4 года
254.;151900;Конструкторско-технологическое обеспечение машиностроительных производств;высшее профессиональное;68;Магистр;Основная;2 года
255.;190100;Наземные транспортно-технологические комплексы;высшее профессиональное;62;Бакалавр;Основная;4 года
256.;190100;Наземные транспортно-технологические комплексы;высшее профессиональное;68;Магистр;Основная;2 года
257.;190100;Наземные транспортные системы;высшее профессиональное;62;Бакалавр техники и технологии;Основная;4 года
258.;190100;Наземные транспортные системы;высшее профессиональное;68;Магистр техники и технологии;Основная;6 лет
259.;190109;Наземные транспортно-технологические средства;высшее профессиональное;65;Специалист;Основная;5 лет
260.;190205;Подъемно-транспортные, строительные, дорожные машины и оборудование;высшее профессиональное;65;Инженер;Основная;5 лет
261.;190300;Подвижной состав железных дорог;высшее профессиональное;65;Специатист;Основная;5 лет
262.;190301;Локомотивы;высшее профессиональное;65;Инженер путей сообщения;Основная;5 лет
263.;190302;Вагоны;высшее профессиональное;65;Инженер путей сообщения;Основная;5 лет
264.;190303;Электрический транспорт железных дорог;высшее профессиональное;65;Инженер путей сообщения;Основная;5 лет
265.;190401;Эксплуатация железных дорог;высшее профессиональное;65;Специалист;Основная;5 лет
266.;190401;Электроснабжение железных дорог;высшее профессиональное;65;Инженер путей сообщения;Основная;5 лет
267.;190402;Автоматика, телемеханика и связь на железнодорожном транспорте;высшее профессиональное;65;Инженер путей сообщения;Основная;5 лет
268;190500;Эксплуатация транспортных средств;высшее профессиональное;62;Бакалавр техники и технологии;Основная;4 года
269.;190600;Эксплуатация транспортно- технологических машин и комплексов;высшее профессиональное;62;Бакалавр;Основная;4 года
270.;190700;Технология транспортных процессов;высшее профессиональное;62;Бакалавр;Основная;4 года
271.;190701;Организация перевозок и управление на транспорте (по видам);высшее профессиональное;65;Инженер по организации и управлению на транспорте, инженер путей сообщения;Основная;5 лет
272.;190702;Организация и безопасность движения;высшее профессиональное;65;Инженер по организации и управлению на транспорте, инженер путей сообщения;Основная;5 лет
273.;190901;Системы обеспечения движения поездов;высшее профессиональное;65;Специалист;Основная;5 лет
274.;200500;Метрология, стандартизация и сертификация;высшее профессиональное;62;Бакалавр техники и технологии;Основная;4 года
275.;200501;Метрология и метрологическое обеспечение;высшее профессиональное;65;Инженер;Основная;5 лет
276.;200503;Стандартизация и сертификация;высшее профессиональное;65;Инженер;Основная;5 лет
277.;210700;Инфокоммуникационные технологии и системы связи;высшее профессиональное;62;Бакалавр;Основная;4 года
278.;210700;Инфокоммуникационные технологии и системы связи;высшее профессиональное;68;Магистр;Основная;2 года
279.;220200;Автоматизация и управление;высшее профессиональное;62;Бакалавр техники и технологии;Основная;4 года
280.;220200;Автоматизация и управление;высшее профессиональное;68;Магистр техники и технологии;Основная;6 лет
281.;220201;Управление и информатика в технических системах;высшее профессиональное;65;Инженер;Основная;5 лет
282.;220400;Управление в технических системах;высшее профессиональное;62;Бакалавр;Основная;4 года
283.;220400;Управление в технических системах;высшее профессиональное;68;Магистр;Основная;2 года
284.;220402;Роботы и робототехнические системы;высшее профессиональное;65;Инженер;Основная;5 лет
285;220501;Управление качеством;высшее профессиональное;65;Инженер-менеджер;Основная;5 лет
286.;220600;Инноватика;высшее профессиональное;62;Бакалавр техники и технологии;Основная;4 года
287.;220600;Инноватика;высшее профессиональное;68;Магистр техники и технологии;Основная;6 лет
288.;220601;Управление инновациями;высшее профессиональное;65;Инженер-менеджер;Основная;5 лет
289.;220700;Автоматизация технологических процессов и производств;высшее профессиональное;68;Магистр;Основная;2 года
290.;220701;Менеджмент высоких технологий;высшее профессиональное;65;Инженер-менеджер;Основная;5 лет 6 месяцев
291.;221000;Мехатроника и робототехника;высшее профессиональное;62;Бакалавр;Основная;4 года
292.;221000;Мехатроника и робототехника;высшее профессиональное;68;Магистр;Основная;2 года
293.;221400;Управление качеством;высшее профессиональное;62;Бакалавр;Основная;4 года
294.;221400;Управление качеством;высшее профессиональное;68;Магистр;Основная;2 года
295.;221700;Стандартизация и метрология;высшее профессиональное;62;Бакалавр;Основная;4 года
296.;221700;Стандартизация и метрология;высшее профессиональное;68;Магистр;Основная;2 года
297.;222000;Инноватика;высшее профессиональное;62;Бакалавр;Основная;4 года
298.;222000;Инноватика;высшее профессиональное;68;Магистр;Основная;2 года
299;222600;Организация и управление наукоемкими производствами;высшее профессиональное;68;Магистр;Основная;2 года
300.;230100;Информатика и вычислительная техника;высшее профессиональное;62;Бакалавр техники и технологии;Основная;4 года
301.;230100;Информатика и вычислительная техника;высшее профессиональное;62;Бакалавр;Основная;4 года
302.;230100;Информатика и вычислительная техника;высшее профессиональное;68;Магистр;Основная;2 года
303.;230100;Информатика и вычислительная техника;высшее профессиональное;68;Магистр техники и технологии;Основна;6 лет
304;230101;Вычислительные машины, комплексы, системы и сети;высшее профессиональное;65;Инженер;Основная;5 лет
305.;230102;Автоматизированные системы обработки информации и управления;высшее профессиональное;65;Инженер;Основная;5 лет
306.;230104;Системы автоматизированного проектирования;высшее профессиональное;65;Инженер;Основная;5 лет
307.;230105;Программное обеспечение вычислительной техники и автоматизированных систем;высшее профессиональное;65;Инженер;Основная;5 лет
308;230200;Информационные системы;высшее профессиональное;62;Бакалавр информационных систем;Основная;4 года
309.;230201;Информационные системы и технологии;высшее профессиональное;65;Инженер;Основная;5 лет
310.;230400;Информационные системы и технологии;высшее профессиональное;62;Бакалавр;Основная;4 года
311.;230700;Прикладная информатика;высшее профессиональное;62;Бакалавр;Основная;4 года
312.;230700;Прикладная информатика;высшее профессиональное;68;Магистр;Основная;2 года
313.;231000;Программная инженерия;высшее профессиональное;62;Бакалавр;Основная;4 года
314.;231000;Программная инженерия;высшее профессиональное;68;Магистр;Основная;2 года
315.;270100;Строительство;высшее профессиональное;62;Бакалавр техники и технологии;Основная;4 года
316.;270100;Строительство;высшее профессиональное;68;Магистр техники и технологии;Основная;6 лет
317.;270102;Промышленное и гражданское строительство;высшее профессиональное;65;Инженер;Основная;5 лет
318.;270112;Водоснабжение и водо-отведение;высшее профессиональное;65;Инженер;Основная;5 лет
319.;270115;Экспертиза и управление недвижимостью;высшее профессиональное;05;Инженер;Основная;5 лет
320.;270201;Мосты и транспортные тоннели;высшее профессиональное;65;Инженер путей сообщения;Основная;5 лет
321.;270204;Строительство железных дорог, путь и путевое хозяйство;высшее профессиональное;;Инженер путей сообщения;Основная;5 лет
322.;270800;Строительство;высшее профессиональное;62;Бакалавр;Основная;4 года
323;270800;Строительство;высшее профессиональное;68;Магистр;Основная;2 года
324.;271101;Строительство уникальных зданий и сооружений;высшее профессиональное;65;Специалист;Основная;6 лет
325;271501;Строительство железных дорог, мостов и транспортных тоннелей;высшее профессиональное;65;Специалист;Основная;5 лет
326.;271502;Строительство, эксплуатация, восстановление и техническое прикрытие автомобильных дорог, мостов и тоннелей;высшее профессиональное;65;Специалист;Основная;5 лет
327.;280101;Безопасность жизнедеятельности в техносфере;высшее профессиональное;65;Инженер;Основная;5 лет
328.;280200;Защита окружающей среды;высшее профессиональное;62;Бакалавр техники и технологии;Основная;4 года
329.;280200;Зашита окружающей среды -;высшее профессиональное;68;Магистр техники и технологии;Основная;6 лет
330.;280202;Инженерная защита окружающей среды;высшее профессиональное;65;Инженер-эколог;Основная;5 лет
331.;280700;Техносферная безопасность;высшее профессиональное;62;Бакалавр;Основная;4 года
332.;280700;Техносферная безопасность;высшее профессиональное;68;Магистр;Основная;2 года
333.;01.01.01;Вещественный, комплексный и функциональный анализ;послевузовское профессиональное;;Кандидат наук;Основная;3 года
334.;01.01.01;Математический анализ;послевузовское профессиональное;;Кандидат наук;Основная;3 года
335.;01.01.02;Дифференциальные уравнения;послевузовское профессиональное;;Кандидат наук;Основная;3 года
336.;01.01.02;Дифференциальные уравнения, динамические системы и оптимальное управление;послевузовское профессиональное;;Кандидат наук;Основная;3 года
337.;01.0201;Теоретическая механика;послевузовское профессиональное;;Кандидат наук;Основная;3 года
338.;01.04.07;Физика конденсированного состояния;послевузовское профессиональное;;Кандидат наук;Основная;3 года
339.;01.04.10;Физика полупроводников;послевузовское профессиональное;;Кандидат наук;Основная;3 года
340.;01.04.14;Теплофизика и теоретическая теплотехника;послевузовское профессиональное;;Кандидат наук;Основная;3 года
341;03. Я 1.16;Экология;послевузовское профессиональное;;Кандидат наук;Основная;3 года
342;03.02.08;Экология (по отраслям);послевузовское профессиональное;;Кандидат наук;Основная;3 года
343.;05.02.02;Машиноведение, системы приводов и детали машин;послевузовское профессиональное;;Кандидат наук;Основная;3 года
344.;05.02.05;Роботы, мехатроника и робототехнические системы;послевузовское профессиональное;;Кандидат наук;Основная;3 года
345.;05.02.08;Технология машиностроения;послевузовское профессиональное;;Кандидат наук;Основная;3 года
346.;05.02.10;Сварка, родственные процессы и технологии;послевузовское профессиональное;;Кандидат наук;Основная;3 года
347.;05.02.11;Методы контроля и диагностика в машиностроении;послевузовское профессиональное;;Кандидат наук;Основная;3 года
348.;05.02.22;Организация производства (транспорт);послевузовское профессиональное;;Кандидат наук;Основная;3 гола
349.;05.03.06;Технологии и машины сварочного производства;послевузовское профессиональное;;Кандидат наук;Основная;3 года
350.;05.04.02;Тепловые двигатели;послевузовское профессиональное;;Кандидат наук;Основная;3 года
351.;05.05.04;Дорожные, строительные и подъемно-транспортные машины;послевузовское профессиональное;;Кандидат наук;Основная;3 года
552;05.09.0!;Электромеханика и электрические аппараты;послевузовское профессиональное;;Кандидат наук;Основная;3 года
353.;05.09.03;Электротехнические комплексы и системы;послевузовское профессиональное;;Кандидат наук;Основная;3 года
354.;05.09.05;Теоретическая электротехника;послевузовское профессиональное;;Кандидат наук;Основная;3 года
355.;05.09.12;Силовая электроника;послевузовское профессиональное;;Кандидат наук;Основная;3 года
356.;05.11.16;Информационно-измерительные и управляющие системы (транспорт);послевузовское профессиональное;;Кандидат наук;Основная;3 года
357.;05.12.04;Радиотехника, в том числе системы и устройства телевидения;послевузовское профессиональное;;Кандидат наук;Основная;3 года
358.;05.12.13;Системы, сети и устройства телекоммуникаций;послевузовское профессиональное;;Кандидат наук;Основная;3 года
359.;05.13.01;Системный анализ, управление и обработка информации (транспорт);послевузовское профессиональное;;Кандидат наук;Основная;3 года
360.;05.13.05;Элементы и устройства вычислительной техники и систем управления;послевузовское профессиональное;;Кандидат наук;Основная;3 года
361.;05.13.06;Автоматизация и управление технологическими процессами и производствами (транспорт);послевузовское профессиональное;;Кандидат наук;Основная;3 года
362.;05.13.10;Управление в социальных и экономических системах;послевузовское профессиональное;;Кандидат наук;Основная;3 года
363.;05.13.11;Математическое и программное обеспечение вычислительных машин, комплексов и компьютерных сетей;послевузовское профессиональное;;Кандидат наук;Основная;3 года
364.;05.13.12;Системы автоматизации проектирования (транспорт);послевузовское профессиональное;;Кандидат наук;Основная;3 года
365.;05.13.13;Телекоммуникационные системы и компьютерные сети;послевузовское профессиональное;;Кандидат наук;Основная;3 года
366.;05.13.15;Вычислительные машины и системы;послевузовское профессиональное;;Кандидат наук;Основная;3 года
367.;05.13.15;Вычислительные машины, комплексы и компьютерные сети;послевузовское профессиональное;;Кандидат наук;Основная;3 года
368.;05.13.17;Теоретические основы информатики;послевузовское профессиональное;;Кандидат наук;Основная;3 года
369.;05.13.18;Математическое моделирование, численные методы и комплексы программ;послевузовское профессиональное;;Кандидат наук;Основная;3 года
370.;05.14.01;Энергетические системы и комплексы;послевузовское профессиональное;;Кандидат наук;Основная;3 года
371;05.14.02;Электрические станции и электроэнергетические системы;послевузовское профессиональное;;Кандидат наук;Основная;3 года
372.;05.14.02;Электростанции и электроэнергетические системы;послевузовское профессиональное;;Кандидат наук;Основная;3 года
373;05.14.04;Промышленная теплоэнергетика;послевузовское профессиональное;;Кандидат наук;Основная;3 года
374;05.22.01;Транспортные и транспортно-технологические системы страны, ее регионов и городов, организация производства на транспорте;послевузовское профессиональное;;Кандидат наук;Основная;3 года
375;05.22.06;Железнодорожный путь, изыскание и проектирование железных дорог;послевузовское профессиональное;;Кандидат наук;Основная;3 года
376.;05.22.07;Подвижной состав железных дорог, тяга поездов и электрификация;послевузовское профессиональное;;Кандидат наук;Основная;3 года
377;05.22.08;Управление процессами перевозок;послевузовское профессиональное;;Кандидат наук;Основная;3 года
378.;05.23.01;Строительные конструкции, здания и сооружения;послевузовское профессиональное;;Кандидат наук;Основная;3 года
379.;05.23.02;Основания и фундаменты, подземные сооружения;послевузовское профессиональное;;Кандидат наук;Основная;3 года
380.;05.23.04;Водоснабжение, канализация, строительные системы охраны водных ресурсов;послевузовское профессиональное;;Кандидат наук;Основная;3 года
381.;05.23.05;Строительные материалы и изделия;послевузовское профессиональное;;Кандидат наук;Основная;3 года
382.;05.23.08;Технология и организация строительства;послевузовское профессиональное;;Кандидат наук;Основная;3 года
383.;05.23.11;Проектирование и строительство дорог, метрополитенов, аэродромов, мостов и транспортных тоннелей;послевузовское профессиональное;;Кандидат наук;Основная;3 года
384.;05.23.17;Строительная механика;послевузовское профессиональное;;Кандидат наук;Основная;3 года
385.;05.25.05;Информационные системы и процессы;послевузовское профессиональное;;Кандидат наук;Основная;3 года
386;05.25.05;Информационные системы и процессы, правовые аспекты информатики;послевузовское профессиональное;;Кандидат наук;Основная;3 года
387.;05.26.01;Охрана труда (транспорт, промышленность, энергетика, строительство, экология);послевузовское профессиональное;;Кандидат наук;Основная;3 года
388.;05.26.02;Безопасность в чрезвычайных ситуациях (транспорт, промышленность, энергетика, строительство, экология);послевузовское профессиональное;;Кандидат наук;Основная;3 года
389;05.26.03;Пожарная и промышленная безопасность (транспорт, промышленность, энергетика, строительство);послевузовское профессиональное;;Кандидат наук;Основная;3 годе
390;07.00.10;История науки и техники;послевузовское профессиональное;;Кандидат наук;Основная;3 года
391.;08.00.01;Экономическая теория;послевузовское профессиональное;;Кандидат наук;Основная;3 года
392;08.00.05;"Экономика и управление народным хозяйством (по отраслям и сферам деятельности в т.ч.: теория управления экономическими системами; макроэкономика; экономика, организация и управление предприятиями, отраслями, комплексами; управление инновациями; региональная экономика: логистика, экономика труда; экономика народонаселения и демография; экономика природопользования; землеустройство и др.)";послевузовское профессиональное;;Кандидат наук;Основная;3 года
393.;08.00.05;"Экономика и управление народным хозяйством (по отраслям и сферам деятельности в т.ч.: экономика, организация и управление предприятиями, отраслями, комплексами; управление инновациями; региональная экономика; логистика; экономика труда: экономика народонаселения и демография; экономика природопользования; экономика предпринимательства; маркетинг; менеджмент; ценообразование; экономическая безопасность; стандартизация и управление качеством продукции; землеустройство; рекреация и туризм)";послевузовское профессиональное;;Кандидат наук;Основная;3 года
394.;08.00.10;Финансы, денежное обращение и кредит;послевузовское профессиональное;;Кандидат наук;Основная;3 года
395.;08.00.13;Математические и инструментальные методы экономики;послевузовское профессиональное;;Кандидат наук;Основная;3 года
396;09.00.01;Онтология и теория познания;послевузовское профессиональное;;Кандидат наук;Основная;3 года
397.;09.00.08;Философия науки и техники;послевузовское профессиональное;;Кандидат наук;Основная;3 года
398.;09.00.11;Социальная философия;послевузовское профессиональное;;Кандидат наук;Основная;3 год
399.;12.00.01;"Теория и история права и государства; история учений о праве и государстве";послевузовское профессиональное;;Кандидат наук;Основная;3 года
400;12.00,03;"Гражданское право, предпринимательское право; семейное право; международное частное право";послевузовское профессиональное;;Кандидат наук;Основная;3 года
401.;12.00.06;"Природоресурсное право; аграрное право; экологическое право";послевузовское профессионально-;;Кандидат наук;Основная;3 года
402.;12.00.09;"Уголовный процесс, криминалистика и судебная экспертиза; оперативно-розыскная деятельность";послевузовское профессиональное;;Кандидат наук;Основная;3 года
403;12.00.09;"Уголовный процесс, криминалистика; оперативно-розыскная деятельность";послевузовское профессиональное;;Кандидат наук;Основная;3 года
404;22.00.04;Социальная структура, социальные институты и процессы;послевузовское профессиональное;;Кандидат наук;Основная;3 года
405;22.00.08;Социология управления;послевузовское профессиональное;;Кандидат наук;Основная;3 года
406;23.00.02;Политические институты, процессы и технологии;послевузовское профессиональное;;Кандидат наук;Основная;3 года
407;23.00.02;Политические институты, этнополитическая конфликтология, национальные и политические процессы и технологии;послевузовское профессиональное;;Кандидат наук;Основная;
408;25.00.35;Геоинформатика;послевузовское профессиональное;;Кандидат наук;Основная;3 года
409;25.00.36;Геоэкология;послевузовское профессиональное;;Кандидат наук;Основная;3 года
410;25.00.36;Геоэкология (по отраслям);послевузовское профессиональное;;Кандидат наук;Основная;3 года
411.;;Дизайнер в области архитектурной среды железнодорожного транспорта;дополнительное профессиональное;;Дизайнер в области архитектурной среды железнодорожного транспорта;Дополнительная;свыше 1000 часов
412.;;Дизайнер в области подвижного состава железнодорожного транспорта;дополнительное профессиональное;;Дизайнер в области подвижного состава железнодорожного транспорта;Дополнительная;свыше 1000 часов
413.;;Мастер делового администрирования - Master of Business Administration (MBA);дополнительное профессиональное;;Мастер делового администрирования - Master of Business Administration (MBA);Дополнительная;свыше 1000 часов
414.;;Менеджер по охране труда;дополнительное профессиональное;;Менеджер по охране труда;Дополнительная;свыше 1000 часов
415.;;Переводчик в сфере профессиональной коммуникации;дополнительное профессиональное;;Переводчик в сфере профессиональной коммуникации;Дополнительная;свыше 1000 часов
416.;;Повышение квалификации государственных гражданских служащих Российской Федерации;дополнительное профессиональное;;;Дополнительная;от 18 до 144 часов
417.;;Повышение квалификации по профилю основных профессиональных образовательных программ вуза;дополнительное профессиональное;;;Дополнительная;от 72 до 500 часов
418.;;Преподаватель высшей школы;дополнительное профессиональное;;Преподаватель высшей школы;Дополнительная;свыше 1000 часов
419.;;Профессиональная переподготовка по профилю основных профессиональных образовательных программ вуза;дополнительное профессиональное;;;Дополнительная;свыше 500 часов
420.;;Антикризисные программы и реструктуризация производства;дополнительное;;;Дополнительная;от 72 до 500 часов
421.;;Безопасность технологических процессов и производств;дополнительное;;;Дополнительная;от 72 до 500 часов
422.;;Документоведение и документационное обеспечение управления;дополнительное;;;Дополнительная;от 72 до 500 часов
423.;;Железнодорожная медицина;дополнительное;;;Дополнительная;от 72 до 500 часов
424.;;Защита информации, составляющей государственную тайну;дополнительное;;;Дополнительная;от 72 до 500 часов
425.;;Информационные технологии в образовательном процессе;дополнительное;;;Дополнительная;от 72 до 500 часов
426.;;Организация мобилизационной подготовки и гражданской обороны на объектах экономики и транспорта;дополнительное;;;Дополнительная;от 72 до 500 часов
427.;;Организация противодействия терроризму на железнодорожном транспорте;дополнительное;;;Дополнительная;от 72 до 500 часов
428.;;Организация учебного процесса в условиях модернизации образования;дополнительное;;;Дополнительная;от 72 до 500 часов
429.;;Охрана труда;дополнительное;;;Дополнительная;40 часов
430.;;Патентоведение;дополнительное;;;Дополнительная;от 72 до 500 часов
431.;;Пожарная безопасность;дополнительное;;;Дополнительная;от 72 до 500 часов
432.;;Предупреждение и ликвидация чрезвычайных ситуаций на транспорте;дополнительное;;;Дополнительная;от 72 до 500 часов
433.;;Промышленная безопасность (по видам надзора);дополнительное;;;Дополнительная;от 72 до 500 часов
434;;Санитарно-эпидемиологическое обеспечение перевозок;дополнительное;;;Дополнительная;от 72 до 500 часов
4,35.;;Современные педагогические технологии;дополнительное;;;Дополнительная;от 72 до 500 часов
436.;;Статистика на транспорте;дополнительное;;;Дополнительная;от 72 до 500 часов
437.;;Страховая деятельность;дополнительное;;;Дополнительная;от 72 до 500 часов
438.;;Транспортная безопасность;дополнительное;;;Дополнительная;от 72 до 500 часов
439;;Управление интеллектуальной собственностью;дополнительное;;;Дополнительная;от 72 до 500 часов
440;;Формы и методы предупреждения чрезвычайных происшествий на железнодорожном транспорте;дополнительное;;;Дополнительная;от 72 до 500 часов
441.;;Ценные бумаги и инвестиции;дополнительное;;;Дополнительная;от 72 до 500 часов
442.;;Антикризисные программы и реструктуризация производства;дополнительное;;;Дополнительная;свыше 500 часов
443.;;Безопасность технологических процессов и производств;дополнительное;;;Дополнительная;свыше 500 часов
444.;;Документоведение и документационное обеспечение управления;дополнительное;;;Дополнительная;свыше 500 часов
445.;;Организация мобилизационной подготовки и гражданской обороны на объектах экономики и транспорта;дополнительное;;;Дополнительная;свыше 500 часов
446.;;Организация противодействия терроризму на железнодорожном транспорте;дополнительное;;;Дополнительная;свыше 500 часов
447.;;Патентоведение;дополнительное;;;Дополнительная;свыше 500 часов
448.;;Статистика на транспорте;дополнительное;;;Дополнительная;свыше 500 часов
449.;;Страховая деятельность;дополнительное;;;Дополнительная;свыше 500 часов
450.;;Формы и методы предупреждения чрезвычайных происшествий на железнодорожном транспорте;дополнительное;;;Дополнительная;свыше 500 часов
451;;Ценные бумаги и инвестиции;дополнительное;;;Дополнительная;свыше 500 часов
1;10047;Аккумуляторщик;;;;;
2.;11241;Бригадир (освобожденный) по текущему содержанию и ремонту пути и ис кусственных сооружений;;;;;
3.;11242;Бригадир (освобожденный) предприятий железнодорожного транспорта и метрополитена;;;;;
4;11359;Вальщик леса;;;;;
5.;11442;"Водитель автомобиля категории ""В""";;;;;
6.;11442;"Водитель автомобиля категории ""В, С""";;;;;
;11442;"Водитель автомобиля категории ""С""";;;;;
8.;11448;Водитель дрезины;;;;;
9.;11453;Водитель погрузчика;;;;;
10.;11463;Водитель электро- и автотележки;;;;;
11.;11796;Дежурный по переезду;;;;;
12.;11800;Дежурный стрелочного поста;;;;;
13.;11830;Дефектоскопист по магнитному и ультразвуковому контролю;;;;;
14,;12624;Кабельщик-спайщик;;;;;
15.;12680;Каменщик;;;;;
16.;12719;Кассир билетный;;;;;
17.;(2721;Кассир торгового зала;;;;;
18.;12904;Кондуктор;;;;;
19.;12907;Кондуктор грузовых поездов;;;;;
20;12924;Контролер автоматических пропускных пунктов метрополитена;;;;;
21;13063;Контролер станочных и слесарных работ;;;;;
22.;13450;Маляр;;;;;
23.;13529;Машинист автомотрисы;;;;;
24.;13696;Машинист дизель-поезда;;;;;
25.;13719;Машинист железнодорожного водоснабжения;;;;;
26;13720;Машинист железнодорожно-строительных машин;;;;;
21;13063;Машинист компрессорных установок;;;;;
28;13788;Машинист крана автомобильного;;;;;
29.;13790;Машинист крана (крановщик);;;;;
30,;13890;Машинист моечной хстановки;;;;;
31.;13895;Машинист мотовоза;;;;;
32,;13910;Машинист насосных чстановок;;;;;
33.;14167;Машинист самоходного весоповерочного вагона;;;;;
34.;1424!;Машинист тепловоза;;;;;
35.;14399;Машинист электровоза;;;;;
36.;14409;Машинист электропоезда;;;;;
37.;14528;Мойщик-уборщик подвижного состава;;;;;
38.;14577;Монтажник оборудования блокировки и централизации на железнодорожном транспорте;;;;;
39.;14601;Монтажник оборудования связи;;;;;
40.;14614;Монтажник приборов и аппаратуры автоматического контроля, регулирования и управления;;;;;
41;14618;Монтажник радиоэлектронной аппаратуры и приборов;;;;;
42.;14626;Монтажник связи-кабельщик;;;;;
43.;14627;Монтажник связи-линейщик;;;;;
44.;14629;Монтажник связи-спайшик;;;;;
45.;14662;Монтер кабельного производства;;;;;
46.;14668;Монтер пути;;;;;
47.;14917;Наладчик контрольно-измерительных вагонов;;;;;
48.;14977;Наладчик приборов, аппаратуры и систем автоматического контроля, регулирования и управления (наладчик кип и автоматики};;;;;
49;14979;Наладчик железнодорожно-строительных машин и механизмов;;;;;
50.;15220;Облицовщик-плиточник;;;;;
51.;15406;Обходчик пути и искусственных сооружений;;;;;
52.;15572;Оператор дефектоскопной тележки;;;;;
53.;15859;Оператор по обслуживанию и ремонту вагонов и контейнеров;;;;;
54.;15874;Оператор по путевым измерениям;;;;;
55.;15894;Оператор поста централизации;;;;;
56.;16019;Оператор связи;;;;;
57.;16033;Оператор сортировочной горки;;;;;
58;16045;Оператор станков с программным управлением;;;;;
59.;16199;Оператор электронно-вычислительных и вычислительных машин;;;;;
60.;16269;Осмотрщик вагонов;;;;;
61.;16275;Осмотрщик-ремонтник вагонов;;;;;
62.;16464;Паяльщик ратиодетате!;;;;;
63.;16671;Плотник;;;;;
64;16783;Поездной электромеханик;;;;;
65.;16856;Помощник машиниста дизельного поезда;;;;;
66.;16878;Помощник машиниста тепловоза;;;;;
67;16885;Помощник машиниста электровоза;;;;;
68;16887;Помощник машиниста электропоезда;;;;;
69.;17035;Прессовщик колесных пар;;;;;
70.;17244;Приемосдатчик груза и багажа;;;;;
71.;17246;Приемосдатчик груза и багажа в поездах;;;;;
72.;17270;Приемщик поездов;;;;;
73.;17334;Проводник пассажирского вагона;;;;;
74.;17336;Проводник по сопровождению грузов и спецвагонов;;;;;
75.;17341;Проводник по сопровождению локомотивов и пассажирских вагонов в нера бочем состоянии;;;;;
76.;17347;Проводник-электромонтер почтовых вагонов;;;;;
77.;S7395;Промывальщик-пропарщик цистерн;;;;;
78.;17861;Регулировщик радиоэлектронной аппаратуры и приборов;;;;;
79.;17863;Регулировщик скорости движения вагонов;;;;;
80.;18013;Ремонтник искусственных сооружений;;;;;
81.;18350;Сварщик термитной сварки;;;;;
82.;18401;Сигналист;;;;;
83.;18447;Слесарь аварийно-восстановитедьныч работ;;;;;
84.;18494;Слесарь по контрольно-измерительным приборам и автоматике;;;;;
85.;18507;Слесарь по осмотру и ремонту локомотивов на пунктах технического обслу живания;;;;;
86.;18511;Слесарь по ремонту автомобилей;;;;;
87.;18524;Слесарь по ремонту и обслуживанию перегрузочных машин;;;;;
88.;18540;Слесарь по ремонту подвижного состава;;;;;
84.;18542;Слесарь по ремонту путевых машин и механизмов;;;;;
90.;18551;Слесарь по такелажу и грузозахватным приспособлениям;;;;;
91.;18559;Слесарь-ремонтник;;;;;
92.;18560;Слесарь-сантехник;;;;;
93.;18590;Слесарь-электрик по ремонту электрооборудования;;;;;
94;18726;Составитель поездов;;;;;
95;18812;Станционный рабочий;;;;;
96.;18880;Столяр строительный;;;;;
97;18897;Стропальщик;;;;;
98.;19091;Телеграфист;;;;;
99.;19093;Телефонист;;;;;
100.;19149;Токарь;;;;;
101.;19727;Штукатур;;;;;
102.;19740;Экипировщик;;;;;
103.;19756;Электрогазосварщик;;;;;
104.;19776;Электромеханик по испытанию и ремонту электрооборудования;;;;;
105.;19789;Электромеханик по ремонту и обслуживанию счетно-вычислительных машин;;;;;
106.;19792;Электромеханик по средствам автоматики и приборам технологического оборудования;;;;;
107.;19802;Электромонтажник по вторичным цепям;;;;;
108;19804;Электромонтажник по кабельным сетям;;;;;
109;19808;электромонтажник по распределительным устройствам;;;;;
110;19810;Электромонтажник по сигнализации, централизации и блокировке на железнодорожном транспорте и наземных линиях метрополитена;;;;;
111.;19823;Электромонтер канализационных сооружений связи;;;;;
112.;19825;Электромонтер контактной сети;;;;;
113.;19827;Электромонтер линейных сооружении телефонной снят и радиофикации;;;;;
114.;19829;Электромонтер-линейщик по монтажу воздушных линий высокого напряжения и контактной сети;;;;;
115.;19842;Электромонтер по обслуживанию подстанций;;;;;
116.;19850;Электромонтер по обслуживанию электроустановок;;;;;
117.;19854;Электромонтер по ремонту аппаратуры релейной защиты и автоматики;;;;;
118.;19855;Электромонтер но ремонту воздушных линий электропередач;;;;;
119.;19857;Электромонтер по ремонту вторичной коммутации и связи;;;;;
120.;19859;Электромонтер по ремонту и монтажу кабельных линий;;;;;
121.;19861;Электромонтер по ремонту и обслуживанию электрооборудования;;;;;
122.;39867;Электромонтер по эксплуатации распределительных сетей;;;;;
123.;19874;Электромонтер-релейщик;;;;;
124.;19876;Электромонтер по ремонту и обслуживанию аппаратуры и устройств связи;;;;;
125.;19878;Электромонтер станционного оборудования радиорелейных линий связи;;;;;
126.;19881;Электромонтер станционного оборудования телеграфной связи;;;;;
;19883;Электромонтер станционной) оборудования телефонной связи;;;;;
128.;19885;Электромонтер станционного радиооборудования;;;;;
129.;19888;Электромонтер тяговой подстанции;;;;;
130.;19890;Электромонтер по обслуживании» и ремонту устройств сигнализации, централизации и блокировки;;;;;
131.;19906;Электросварщик ру чной сварки;;;;;
132;20001;Агент (по видам деятельности);;;;;
133.;20028;Агент по розыску грузов и багажа;;;;;
134.;20031;Агент по снабжению;;;;;
135.;20190;Архивариус;;;;;
136.;20336;Бухгалтер;;;;;
137.;21299;Делопроизводитель;;;;;
138.;26353;Секретарь-машинистка;;;;;
139.;26804;Счетовод;;;;;
140.;26904;Табельщик;;;;;
